Temperature,Humidity,Wind Speed,Rain
68.72700594236812,18.513292883861965,5.234113674718119,0
97.53571532049581,54.190094737835814,4.939575981439996,0
86.59969709057026,87.29458358764083,18.125091610420732,1
79.93292420985183,73.22248864095612,4.990923996990122,1
57.80093202212183,80.65611478614497,5.43899452257262,1
57.79972601681013,65.87833667107174,15.187965248359275,0
52.90418060840997,69.22765645178525,8.9947968490108,0
93.30880728874675,84.91956515653193,15.534211139103624,1
80.05575058716045,24.966800885918595,1.3073231512877048,0
85.40362888980228,48.942496364314046,9.751423873467687,1
51.029224714790125,22.120944181960223,0.6722720036656527,0
98.49549260809971,98.7668007996647,1.2530640691070905,1
91.62213204002109,94.40593396866133,18.12874906688822,1
60.61695553391381,3.94268113685059,2.7849074223519033,0
59.09124836035503,70.55751725156884,10.648413645504341,1
59.17022549267169,92.52483174156659,8.221912052014131,1
65.21211214797688,18.057534512733355,6.946866525176853,0
76.2378215816119,56.79452305526295,17.99666691374545,1
71.5972509321058,91.54882975880419,0.43646793550979,1
64.5614570099021,3.394597858579884,13.275793723511782,0
80.59264473611897,69.742026724684,19.267888684271007,1
56.97469303260209,29.734900737255078,11.20336366923684,0
64.6072324267609,92.43961953765304,18.736449240661837,1
68.31809216468459,97.10582451653677,1.0451575857204753,1
72.8034992108518,94.42664891134339,8.375866381483227,1
89.25879806965068,47.42142166574638,5.203155819241023,1
59.98368910791799,86.20426509893134,14.616419299614595,0
75.71172192068059,84.45493985350704,19.625941809944933,1
79.62072844310212,31.910047324325564,5.130601248884956,0
52.32252063599989,82.89154741506773,13.083492029481489,1
80.37724259507192,3.700763471549262,3.9619526551948026,0
58.526206184364575,59.6269878482053,11.306605091432198,1
53.25257964926398,23.000883728770305,9.278649733766724,0
97.44427686266667,12.056688577727881,19.44010659263074,1
98.28160165372796,7.695320162920916,12.170545453929332,0
90.41986740582306,69.62887758781397,6.990127441736376,1
65.23068845866854,33.98749637680661,2.2819156977586674,0
54.883605700319194,72.47667715287615,3.024936574698691,0
84.21165132560785,6.535634079894237,4.506338599024701,0
72.00762468698007,31.529033783061035,5.01933322680596,0
56.10191174223894,53.949129237533725,17.012321156822757,1
74.75884550556351,79.07231648389636,11.224455765650498,0
51.71942605576092,31.875250293206992,10.467818227487328,1
95.4660201039391,62.58913764370091,2.2953774373843494,1
62.93899908000085,88.5977748236187,17.2027938669887,1
83.1261142176991,61.58631881823046,14.456286064169674,0
65.58555380447055,23.295947475363377,1.3533672380000317,0
76.00340105889055,2.440078155653802,14.156701944595373,0
77.33551396716399,87.00988739009298,10.870764346852921,1
59.24272277627635,2.126941085038714,1.634506914935565,0
98.47923138822793,87.47016726841994,9.166012830573129,1
88.75664116805572,52.8937134027212,9.693925742600939,1
96.97494707820945,93.90676985128962,3.315490803265515,1
94.74136752138244,79.87832357736654,18.913962940005646,1
79.89499894055426,99.79341105333374,16.99950742961324,1
96.09371175115584,35.071181545171015,13.380446746582166,0
54.424625102595975,76.71882889311269,9.245911220012143,1
59.79914312095726,40.193091360924214,8.235310831690171,1
52.2613644455269,47.98756203039088,13.019469343019082,1
66.26651653816322,62.75054632183701,10.908637388138109,0
69.4338644844741,87.36771141863387,1.2454621176377123,1
63.567451588694794,98.40834691992951,10.250052975406634,1
91.43687545759647,76.82734138645182,16.12807234465679,1
67.83766633467947,41.77667821673337,9.18479755193916,0
64.04672548436903,42.13570022770702,1.0391315510853683,0
77.13480415791243,73.75823015888915,15.725563987680662,1
57.04621124873813,23.877714576830233,4.027275642719488,1
90.10984903770199,11.047411313139467,5.1724166977607755,0
53.727532183988544,35.462215764077655,3.294127068645918,1
99.34434683002587,28.723899165408174,6.60430129742995,0
88.61223846483287,29.630812045599008,15.1350301137727,0
59.93578407670862,23.360775104990992,10.387717190078746,0
50.27610585618012,4.209318963636188,4.097625483014252,0
90.77307142274171,1.787393473341381,17.556601563040818,0
85.34286719238085,98.77223897360315,17.591637099030585,1
86.45035840204937,42.77731337358623,17.41156850092014,0
88.56351733429729,38.432664715968166,4.775924227630785,0
53.70223258670452,67.96472826930699,9.024786883619761,1
67.92328642721363,21.825388786506416,19.699793122817503,1
55.79345297625649,94.99611839502253,15.440249526199807,1
93.15517129377967,78.6345014415552,0.5433484245111964,1
81.1649063413779,8.94110023122595,1.304091825209841,0
66.54490124263246,41.75807757849284,9.278627536246656,1
53.177917514301186,87.91183075621647,18.184404117231203,1
65.54911608578311,94.47320222914102,10.774035959054284,1
66.25916610133736,46.74015112498697,9.956250160685805,0
86.4803089169032,61.34113892107077,2.1094739991326117,1
81.87787356776066,16.70339460920752,13.135602094485881,1
94.36063712881634,99.11686261369765,16.44206321200451,1
73.61074625809746,23.16717013834434,7.608400150151247,0
55.97971229691508,94.27317741351257,15.51223701850655,1
85.66223936114974,64.96466489923685,19.289533078016234,0
88.03925243084487,60.773679487885914,4.075329182553782,1
78.06385987847482,51.26885110165086,10.466592623894826,0
88.54835899772806,23.06698117177587,5.742759161691511,1
74.68977981821953,17.652803200550828,15.857088380676787,0
76.1366414690997,22.048620907017536,11.55186731762315,0
71.37705091792748,18.643826214425452,12.691648351006075,1
51.27095633720476,77.95844735667534,15.958283192317882,1
55.39457134966522,35.01252591667301,7.919409453249098,0
51.57145928433671,5.784267656339637,18.301801368140865,0
81.82052056318902,96.91026301408114,10.6605773449228,1
65.71779905381634,88.37858849634257,3.15909645670696,0
75.42853455823514,92.77522831952129,13.91798236337605,1
95.37832369630465,99.49078226464353,15.865227008765089,1
62.464611457443745,17.38952492194873,6.335233541350533,0
70.51914615178148,39.62420189026587,17.14358513997506,0
87.77755692715243,75.82384757040913,18.122865095315326,1
61.43990827458112,69.60206180537922,5.538089747556178,1
53.84899549143965,15.389590633985506,19.67042945430444,0
64.4875726456884,81.58331249906178,2.8142305609751683,1
58.06106436270022,22.444057183666068,4.0403133680498,0
96.48488261712865,22.38176148226231,3.6844967847605226,0
90.40601897822086,53.69744228934136,17.87979420015741,1
81.67018782552117,59.293993484170315,13.085851046499236,1
93.57302950938589,58.00862078378112,3.0420856644454575,0
90.18360384495573,9.148683739775487,8.80646836736698,0
59.32850294430179,87.74608626303804,12.30596050139604,1
94.62794992449889,26.560004258870606,1.6692816997876658,1
76.96711209578254,12.951492128280417,17.648327368146774,0
90.37200775820313,88.87480798689772,16.072070708830704,1
94.80456499617466,95.56514982297534,10.104135471532764,1
65.90017374859319,86.21276172654507,19.342532305183408,1
55.50259622638384,80.95160747248781,8.355219585501994,1
61.39675812709709,65.52419806390218,19.682206380729955,0
71.35538943131282,55.08573706091393,13.35839997607254,0
90.90073829612466,8.698675991141014,12.693425465078828,0
93.03652916281717,40.845321307069874,3.3190979059157,1
50.34760652655954,37.2688517012314,17.63855516609288,0
75.53736512887829,25.97537837603262,8.549793758412303,0
70.87055015743894,72.3420113688585,3.244668115649587,0
61.105390523536514,49.58757350787708,0.2521503995151808,0
55.99326836668414,8.104621590764793,11.19511367276765,0
66.8807585701814,22.018320194981133,10.547992442453527,0
97.14548519562595,68.32587636595959,14.387072447383172,1
66.16014660103777,7.613085949030019,17.805161060356042,0
75.9395310871683,85.12069140487687,1.5881316928605904,1
85.15094794475888,49.51465270139743,14.629929806807247,0
68.1814801189647,48.0586577326648,3.7482388819516443,0
98.58910413604804,59.24077846595176,17.163541063143278,1
98.12236474710556,82.46809659251491,16.38127027723312,1
62.58911479126821,34.780920790219305,10.815875099710887,0
74.86242529461927,67.80161525590636,14.20485597246623,1
65.04391549083849,56.5731963995791,6.287002263674967,1
64.24202471887338,26.70282701694213,9.423357978656293,0
51.84434736772664,87.8629986355158,16.432737954209433,1
80.47821669899484,79.74260216069281,9.185303943464278,0
75.13395116144308,65.84518346584255,7.155965306508836,0
52.57393756249947,85.05817290942419,9.884248945005998,1
63.93232321183057,86.72942009598023,16.56498504874437,1
95.41329429833269,70.83629767150347,6.704160947417455,1
61.978094533348624,83.7013328363672,3.475231862714876,1
57.24474360456115,69.74714616692836,14.240280406615614,0
74.47263801387815,68.01407717603004,16.519564254161637,1
99.28252270553003,61.86113782151843,2.0127495704706666,1
62.10276357557502,75.27166395576413,4.7974822551188945,1
83.60677737029393,15.86051052930737,2.839439795219878,0
88.08098076643589,88.08707591989284,6.9588282316433325,1
61.881877199619986,87.1843527745232,9.007019578108252,1
86.41081743059297,2.9247283034559146,14.976526739266129,0
68.38915663596266,82.58167505647627,13.022951697633482,1
81.61529152967897,12.886986747344519,12.418571349568623,1
81.67648553804473,33.51188542591419,7.047498932193088,1
76.78873420373793,74.35082562916078,16.8289510616952,1
54.51448850272041,16.07598960483082,9.42574334796329,1
91.7651247794619,81.79670241190622,19.58209876030309,1
66.0390032485868,83.21341779577419,12.682842765914737,0
59.32592551999271,50.746773376083624,2.5252948312900547,1
52.0387570777382,0.638587171683358,13.523551241508681,0
79.5446471594121,28.703813317491278,6.50208030863398,0
83.87821809211411,61.69269183757422,13.726543933721949,0
50.829391446392805,98.11861780274235,1.3928229632481148,1
75.60465291496405,63.18135270166684,3.4976287435191877,1
61.3247887598969,25.98035810641598,17.114745178115726,1
82.25863952047249,63.40057030996113,4.543591140470298,1
58.718321450249576,53.99853797158555,16.7408225048588,1
84.5468869051233,77.98453951511436,5.585521769088208,1
69.33676731502686,10.698063882695841,12.857638201174153,0
96.83649943683673,76.1027902502028,13.883011470196621,0
56.87604720729966,54.12665786761103,10.253095062901059,0
67.05331755251292,96.29920038589947,6.106213533934626,1
55.67367606202946,34.187216603868606,4.252887527421922,1
96.23468091392814,63.26218931339481,0.6637870912485244,1
93.86696766904905,93.20281055100175,6.078928024814476,1
62.89708138575778,10.250972799067926,13.06325581062566,0
82.99920230170895,93.72284872364511,18.766096368969652,1
90.8611100100608,68.78857223008133,17.42408964526104,1
77.76004057997312,6.78370591051719,15.321295530706053,0
76.48252891780032,30.096356694681624,15.768946865065974,0
62.092614545022585,70.81720886452815,13.299698069519906,0
54.65513839029496,6.73506014687717,5.20573715132006,0
94.86078789766634,58.217046017627325,18.143900614116596,0
95.02090285816652,34.588305695295674,13.414646238116681,0
81.65507286366339,62.091551776747714,11.2088126196088,1
66.95148955243504,4.5742033812512854,2.2197893842696215,0
67.46047873063304,87.15368061523763,8.941110876128509,1
86.29778394351197,97.3488969177397,9.207165424038525,1
94.85551299762886,96.88778552856915,17.291272190453398,1
94.35432121325587,74.96518317429248,10.932964403755769,1
88.99377729288119,13.008624013063198,7.608010979408193,0
82.10158230771438,75.82631959290225,19.536006570213186,1
54.206998249752445,2.458691645880151,2.2144118665263135,0
58.08143570473069,2.2123551528997254,8.450968566238892,0
94.92770942635397,32.36102191495412,0.8404935034281058,0
80.3214529829795,48.864319040466576,14.798082415338607,0
50.45985258083148,77.04074178077931,18.361531043983014,0
55.073577143301605,68.32953766065052,5.600746591009789,0
83.1750884554028,44.590270637674834,17.166833535982416,0
50.253079192310935,27.362666628166586,5.844364609237955,0
58.04040257087493,99.71245001577111,18.215403232878305,1
77.4366894683293,42.6181302235973,15.079238071935679,1
84.59475988463467,45.13870243296755,16.09813553682877,0
82.59806297513003,16.362382119166917,0.36013111200909,0
61.21346547302799,79.48095487499293,19.25620714148052,1
85.6089610673768,69.36822257814886,14.533419841406465,1
61.862454374840006,22.07696127887604,6.095021907722666,1
66.26998490796339,8.238104561584269,16.58789329717694,0
87.32457025590121,68.0499302074713,5.630423968298599,1
82.48164495236074,65.45112142811352,17.455076791322558,0
92.4611705247089,27.32595269982093,2.2516078082387403,0
82.88064461501716,95.08635622504103,14.073719549215916,1
78.41543016677358,15.105789178090024,10.813969532898206,0
54.683738391404624,43.23348010426019,1.9306894039088163,1
68.38579015297168,94.36159201675989,4.83787656517678,1
63.26011838408627,41.97273169261223,0.2480807255462958,1
62.19948216895418,63.85259476640856,9.375359309290117,0
98.65052773762227,39.75943979627943,6.0253052152000075,1
69.65488623333802,27.421520234867003,11.967149685955176,0
94.60232775885567,98.39776479598282,5.944756154172344,1
81.55693129986315,40.9334006315043,5.998382230139693,1
89.74056517708243,89.40992036791344,14.863863974632068,1
75.1318546552596,22.995460589108617,0.962856719567069,0
78.84519423131795,21.31047040250833,18.057899903839743,0
74.6258846909432,3.113408288451136,17.04527748782363,0
59.76214938990223,65.1666825375885,13.35609366452813,1
86.12260576307526,36.852634372376116,11.864431402147686,1
64.03861812204279,86.4358249839637,17.846049962793046,1
51.21579832157269,47.32099066915572,3.706603590574289,0
82.27361479535838,96.81934279147217,1.5793832438165722,1
58.85553397035245,18.552551570312115,4.790203398190762,0
97.02292921764572,86.86231679556109,15.891565574003806,1
97.69642885012937,77.65968527917417,0.6934053345296665,1
95.74321951102243,77.0921844644052,11.656136701669793,1
68.50793501277222,84.47832281168877,19.908750323826197,1
50.77283082644337,76.10239909429988,17.113921876750787,1
96.41592812938626,62.62203216314154,10.428913780871788,1
71.40920741586572,13.124487768238758,1.2728181857328469,0
98.33274095218349,3.2526179491251916,16.627470287714196,0
98.18099885446264,92.08478478156869,11.97957016354421,1
92.650472773368,61.665031452073805,2.2986599411913367,0
64.72244460347929,79.65372909761763,1.877145696467124,1
69.25488643009626,48.152235151255006,18.19253638873185,1
92.55683357584284,11.730818896239448,13.384005258761569,0
65.84610025781389,12.518579220255043,16.58573598633511,1
58.474637334304624,68.55652872289714,17.579578005645345,1
77.84006312291751,43.030589489946266,11.435447040966444,1
96.80773870803904,20.052472670033673,10.348927035100825,0
84.80148983374865,49.15945467414369,8.608548206419805,1
78.50305850446824,6.420893707513409,6.338931755822386,0
54.85882468853843,58.19714019143988,8.691919217174235,0
80.75036133495848,26.899340443509768,15.477593114603128,1
99.50269250521316,79.75591006371882,12.03846862030263,1
57.0042007618262,31.036195892357377,17.850465799096924,0
75.91648261818683,45.52201490818012,8.867600287583755,1
93.86865359639776,1.1620539908100636,12.14179157437508,0
87.03843088771022,7.244688779455888,12.626151061839774,1
84.8507870497634,39.24935564066848,11.83394324612651,0
85.12420419935546,47.99388347171235,14.052675461710326,0
67.97455756098776,60.00205481193037,4.748669367496126,0
64.67959221322467,29.166257870930323,10.247275550915813,0
90.46805777392568,69.49818861265426,2.0844960561669534,1
90.50566973395904,86.01223971892045,7.690226552896251,1
93.35361592900519,77.98509888933498,9.753341372425288,1
95.66202762782356,3.9618825348357145,13.04448519090945,0
75.56711994304689,48.0506947257829,19.01062105172407,0
75.07581473435998,10.493017841817487,12.013021330967117,0
89.91475894833876,24.204501586252746,14.871878323531195,0
82.49819653888827,98.66625932671465,10.125321189904055,1
85.09834386288517,14.249554290151323,12.682080627526627,0
89.78963347180505,49.888815345135605,1.4186443226754686,0
94.50026709087831,61.81557343181191,5.08783161683694,1
66.89975784257679,70.2464970544104,7.237061864102774,1
68.7791476319972,55.96486834869141,9.449867100130271,0
54.69909699204345,0.9770847419183659,0.9129749100476747,0
78.9140070498087,32.64613082439919,2.8004819510663537,0
51.797113689837104,51.771164338471145,5.536286155826115,1
73.27990090662301,8.786649914483336,19.430653818021014,0
77.13223173537884,35.06269312091808,6.626940142061015,0
64.32706260641422,3.3203108791366565,9.64082116224165,0
79.54166302845053,7.857849715502074,3.9219542547678587,0
51.52501249695247,39.69232762015961,12.215601421515366,1
51.86740943746072,13.271575404306034,5.613664310319486,0
91.13002803298292,56.75408482615582,4.1398515687685356,1
68.00953207056314,68.94649691372658,10.33145256891958,1
56.35302563259424,80.05866991090829,0.11011598320841642,0
76.11216300274022,20.01502442448101,0.15328065298450655,1
88.49967765493054,16.748258225906977,4.3813761820371555,0
60.791051374842155,10.456784033440025,0.7344272500164228,1
81.14452379095002,63.64302495436367,2.1605150826138275,1
54.2673732496884,70.64757264869012,6.777212986775032,0
52.58408605843039,3.1586144825642037,16.051713591596258,0
76.5677315784074,93.62122462436898,11.440972867386016,0
77.03175608050532,5.1971283651472415,10.253354519128328,0
81.87149507491033,54.12963353010704,5.869776464162433,1
86.30456668613309,70.90605194509165,18.635074388656328,1
98.79260397312673,87.09691237460856,7.940300824743833,1
75.81501741505977,71.40869321324278,1.7418553359154298,1
66.1478236470623,80.17280830697918,12.341330322356026,1
89.75930973843518,33.94501925428061,2.276767869532028,0
63.54161256310371,81.48251137465122,6.904462856033842,1
71.9485710352818,8.011484638467515,10.148238774356177,0
53.922819067113295,89.48166560605276,17.484450493703516,1
51.267537170772876,54.75923761537362,9.870931606802372,0
98.13242073389625,81.72977699624937,14.045175320633286,1
91.79900602561028,45.23182845183001,19.856336779981408,1
84.7987103046849,64.35776951965249,2.6297823979596324,0
70.44764722071349,52.640266093611324,5.49463051039039,1
58.66471600354229,73.15895217553319,7.891521511952928,1
57.8218521335543,8.162998203058958,8.436563570776627,0
62.512144908229764,6.03520839905638,8.220421505310915,0
77.46133323530603,24.710323401014644,18.1522200511311,0
85.72979613500311,15.954468011318834,14.280652889337128,1
83.00986883588656,87.17835665922017,12.158104281814076,1
63.99669484729714,21.92139873580443,6.187454357255642,0
97.7432640331597,97.58652558191314,16.475807684425895,1
86.89484583478843,33.68957917711069,19.101210229699777,0
77.71770262557004,18.211791568869927,16.42396565100453,0
80.5860373117176,78.96985071424791,0.03130210382945808,1
70.9800031213895,65.87077755008761,12.72802740366814,1
62.386549475057876,49.8195716453139,1.0227076288420145,0
67.79863393256308,55.53635509376312,5.152144406674437,0
87.89230552321845,71.92017782722638,1.1904940069554337,0
50.719674431487796,22.845474133129873,12.075909058987754,1
55.80363202534581,99.63339160567419,13.731798269852135,1
52.30013210108764,97.4793162146783,2.2897527613181023,1
52.03644011594851,65.03256863469369,7.67677766089959,0
92.77302920055035,19.954245092914512,9.124730179110841,0
85.18289296900119,68.02282424312914,7.381060435218332,0
73.70869145436626,7.219840897917584,2.420500009703861,0
54.89170803255007,3.0652502205806065,8.378955803749509,0
74.58079375584163,25.76828885112137,15.023560956168362,0
73.67358853902829,46.26229567393163,1.4201532906651093,0
58.66009349550076,86.82725054083805,1.603600281638069,1
71.69258246189865,72.7169069766308,7.095425836719684,1
69.92523671986868,74.2706521199981,18.834514232378503,1
80.79250490261083,42.54933344480754,13.371452934458281,0
81.75468254338219,34.59349925469629,13.573399133451296,1
52.265200488602225,37.10387629846027,7.238399816757299,1
68.73063073132356,98.76495637360578,11.873215824170769,1
81.29299578571182,4.010919141248248,0.20262368055486757,0
75.15681292900439,86.70314961224486,12.721920928190844,1
92.82449205941612,57.86754085723934,18.265738951524735,1
82.93468158094726,43.86154191895905,12.251469366896384,0
58.14672135407149,72.52576604151365,17.473971869326903,1
53.52843737002149,48.666894142470284,14.479461109321877,1
82.12096391031578,87.34232380816606,2.411168328073805,1
51.32556552708109,90.07018640112585,18.049066145716836,1
79.28877906367316,42.17209268734554,1.3288768871154977,1
97.01151207124788,27.682779723505156,10.679349450955275,0
78.77370889379395,59.23503285933622,2.8427424758691533,0
69.4084963103261,91.2363345616691,0.2341322146180813,1
82.16441092211767,21.066218900566657,8.44068520255278,0
72.91264452457582,62.296658356348274,5.900814153083125,0
77.28083946579675,63.156022009252055,9.72000987595206,1
97.07324043882626,73.3113022415281,11.543997734691017,0
69.30513189003871,13.15676851272598,0.8747814461789472,0
98.05952819119571,71.58249646820886,2.4600659024749127,1
95.26753209780318,90.9032520665641,11.172847929008507,1
59.78955673946482,17.968310887024195,6.863347063453165,0
53.46806504375827,23.754332492387764,14.58346975098896,0
55.038900068871335,97.13950940416396,13.045832971838793,1
50.91109128257749,18.097695270948975,16.912087259798135,0
54.72214803779642,85.4385093369579,13.849856533384505,1
84.15033867081785,49.227785644803475,8.598621547802964,0
53.55943242301145,24.723107440317705,13.459332447888649,0
65.94878151468806,87.07499012725114,5.50762348510837,1
92.24376554847274,44.53052550026655,6.126269975564254,0
51.163596786791295,51.48173539296902,15.779703198415866,1
90.72342412944678,35.92333693997657,8.928390328031643,1
64.09273873867,59.29508514349274,15.96760681036705,0
55.90824138108281,16.352387258502276,16.44844747336557,0
84.83685826820754,39.10815366517607,17.151246753225674,0
81.4471423389942,96.94123223352875,18.332704716824146,1
93.87360067635265,25.813343270112753,8.619704410265925,0
86.75355219019428,65.67366645412922,6.377336366422776,1
90.17404651924244,32.51900642246949,11.643974931882276,0
64.10172862856533,77.34731256866006,7.423448468752552,1
58.87197718898614,13.087366071834982,12.021483336004659,0
87.53073758204292,96.98210450785447,14.111717252876492,1
90.3417369633632,45.37895413836392,13.768100369842738,0
99.52525710003366,23.605046334646396,7.491057740402427,0
70.63088384557133,7.349674733001265,3.3372040339750564,0
68.60090428963916,16.975790508754073,8.61058676924415,0
88.82064803709984,51.977394855601766,2.8518828816381747,1
67.0401770126509,33.70031764312863,17.801940703676166,0
96.53786628017824,82.88833658826094,6.917549214757148,0
92.9206375921506,43.08875236618059,3.0891949444664757,0
71.44970136875092,24.871427258762992,0.5089551981150175,0
87.54355338957487,61.714498660403,12.916447725729686,1
87.72714370423412,70.67772168854458,12.738046349094866,1
55.15619344179663,16.704190790094987,6.812083331625834,1
95.12764533397834,16.761921628831765,1.4342377769530201,1
75.26261862239286,3.667142693354297,8.192577897904641,0
91.32287330538708,73.64020150656405,6.224349901267871,1
66.00248005153058,66.38045276218051,13.542412794700187,0
94.77616142481003,47.46308757498139,12.115584989053808,0
69.46008393670816,84.41704489691972,7.2918745639508,0
50.54188257401492,80.56701529500532,4.357851085099802,0
95.26909882096318,58.535436439675216,19.760719323111836,1
54.56433383930668,86.82712805132586,9.080032423922297,1
65.96568187952074,20.584121003676824,13.76548471560474,0
97.50309835254025,11.191961939772789,2.8110593515672155,0
97.5303573468778,26.974961151698963,9.711793993187957,1
78.67189440616431,5.708685608931486,0.5507343973893097,0
81.59186060848997,53.1169528001032,10.109102358208998,0
72.42227609891599,93.66056922949615,19.280348142354047,1
64.66053858490322,3.9343540668509647,7.6841342597160045,0
66.4332272684958,12.21099140100268,0.7799202514982317,0
83.62592280385192,45.21990282834353,0.6191158183868706,1
87.618726471884,93.38750175279048,7.75973519893739,1
89.57895218629243,31.61561049767505,3.200498729263881,0
89.48090713972769,50.723480868839246,0.46704192656371823,0
54.560305152434516,4.15728590503921,15.124272279003536,0
74.72101523512907,14.834320096208886,9.170460177637814,1
52.877938000832216,98.66301229588468,5.7848954394530905,1
77.47644411618677,96.51186964360456,18.001663660329616,1
72.07652506866884,0.49399809344096157,2.322779204010512,0
94.38520913791498,95.18117854232389,19.118376579106386,1
67.54575062760394,63.91199378155004,6.279334347547056,0
55.853350821380296,86.79182945200222,17.768073446173624,1
57.149584102641796,45.47398556338591,12.05885752958923,0
88.07553158587362,51.55960285792502,16.53414719482975,0
80.91090316581305,48.88465802569202,19.680263264209287,0
55.05613380613951,66.68642575461044,5.7681087563749145,1
54.20534030574987,13.96512547563129,19.22270970815186,0
85.048456572956,2.9973589872677953,7.789637898048407,0
53.638150318209675,30.79299415911909,7.710238094738447,1
91.09300296451781,70.46807627366466,6.807742085090114,1
85.31211135782482,20.185345212294838,10.828152146951703,0
54.06743903209499,67.34324333249174,3.082900863569742,0
54.241885704259595,96.99120461072704,11.074229707160224,1
99.33197892505876,9.39007157894184,10.83409624820008,0
68.71353978780601,67.26021182251263,15.2380362520974,1
68.53210735334454,44.375021930457116,16.67299923875171,0
90.63997836287513,86.81422543775054,8.808827006248482,0
97.36242886919294,17.71497894473859,6.0466649870298745,0
99.30005319114355,69.26259522261645,5.186697946341889,0
87.66890926294708,83.81152896481102,3.8924767340974387,1
68.81297927654579,94.46142194740233,1.1529516439804977,1
54.17503583493344,68.32480282896458,6.848959576694266,1
88.85734579637185,49.71747640084273,5.404953842615665,1
77.92021248679025,61.78472402012139,19.328347717328146,0
71.21110046234881,86.89049844787182,11.154176525000878,1
95.3177192547368,57.060974663882966,6.945540780610151,1
55.559874115307565,3.038705969683686,11.60935201987392,0
74.63125521454296,93.09486955069778,2.78393402691391,1
50.567682238370956,68.95267510315611,8.880874984044059,1
73.43303209970631,67.65133857772466,12.524686428421276,0
52.815163784091865,21.567515239771716,9.777956635849028,0
55.9408958134036,65.88854702326572,8.035576013086486,1
55.87631233885524,39.386440565415846,19.876967777993965,1
82.46051510580318,65.12329770414921,17.60629524297854,1
87.30224396327117,10.659303030799073,12.468119163188803,0
79.16843825485799,65.7845304603036,11.387547223645655,1
98.10862742372709,99.94137257706666,12.413209596491681,1
68.7435289761852,4.821203886055603,4.0262421564486655,0
64.28560431409304,97.71741842213173,7.902754865286372,1
93.42995640947302,40.690796072287064,0.7891906578179864,0
61.17979192597263,87.07534503372591,9.510920749736533,1
98.16112697203056,78.23854840582734,10.860491679153263,1
50.60772373449082,56.70162609866678,4.554994722064192,1
98.49394133538195,73.84492092513266,19.280576943310276,0
52.1579955975288,87.8515561301348,18.18909221874484,1
94.55715568490356,40.4140321651033,14.442864709118117,0
76.385055454315,32.70331615632387,10.667732575307252,0
99.64823980596502,66.75933855635847,17.3993831929537,0
53.68982823676994,80.78459419412586,2.6130468764692583,0
77.69271422006604,76.22851347766158,15.8101958854977,1
98.46512678095495,79.78136488586345,2.496416279336966,1
76.15489220850745,43.5583314812933,15.884213250988108,1
81.46993190676312,81.78342161750216,5.515351365027139,1
84.78743444923086,12.020905537060845,17.541811620363777,0
72.72705323838866,54.448909796084955,18.880841876507958,1
81.37790400420317,0.575866049812157,2.9759193881023127,0
79.21571559615501,32.45858299002703,9.25351210130787,0
95.05790052454944,36.646153487139784,19.619747563253704,0
52.272319017072896,39.61726916092554,9.668148719462932,1
64.04815947961151,69.54672066898621,17.270950450290904,1
97.52057420382793,38.85581012703457,11.774630442626396,1
94.51318919454582,44.86936226225306,7.506598158392038,1
72.78283763928565,23.754413087432745,5.715671110517404,1
81.00662989007684,37.325179162934006,4.064461821721745,0
63.86905914905663,22.726962726315147,15.235963827553945,0
59.40605798618807,7.319592376844364,7.7308101364605575,0
73.18492024699911,60.34485933813779,10.225509244015022,0
67.66761140130264,66.82127985550163,9.846509600023639,1
79.1828055925436,61.94903460096145,11.545580584662625,0
53.88673184824924,46.34940438005724,17.311542912491046,0
98.71974038330833,37.978578017922985,19.61478687166859,1
99.31053722398013,86.33336495718252,8.151684171476338,1
84.90808570098726,51.908178513621806,16.55037844212606,1
76.80481831720601,47.9181877629731,15.290555893094353,0
65.47638081431639,2.5642065806435688,11.470579029111466,0
90.68975098534743,34.12478276261564,19.12094287223866,1
84.23655862769397,38.019561878585705,4.009490310568056,0
58.130846967244565,39.88227808969005,2.1852842061924282,0
95.54635922469213,58.017236922733225,17.079239339108444,0
91.12686214615846,53.360254672687844,8.782996332674966,1
97.4899956645962,60.79050927934446,16.93937708414121,0
86.28597541941801,76.48832615421283,17.861804103908298,1
80.6707597967895,81.29857387160935,1.2491518723814288,1
70.91215181453094,71.81230762264944,17.669295259721213,1
96.63642416770065,95.55236959549347,8.966381107388443,0
93.30319447502042,1.823258267636163,10.208649780084645,0
52.26093350530947,19.57779856835461,12.531850221864204,0
51.3183487248626,0.756287497814212,18.527652134601734,0
68.82316834390248,64.7474714154603,0.3823218885952806,1
90.52766653909165,89.8030548949987,9.536869366356342,1
99.36380646574722,24.34822965762993,13.754440848611214,1
57.52084455517641,92.70345447963066,14.454139153964569,1
79.70653576760675,6.026739028956085,13.85064863074216,0
69.04454283155107,93.44360268055144,2.688702588162437,1
98.49571989073016,35.16226872396344,5.987911767433625,1
92.10594615678544,10.142082844921651,7.17431050834027,1
91.91643523555689,48.58717591863256,16.0887441535901,1
73.43465798974852,25.677656772050796,5.5751974482910605,1
70.74097511688326,28.487290196192284,4.214099277344063,0
63.670353596535314,30.728996492628657,19.148960380761924,0
52.81877483254635,80.30258978326634,0.177265702269378,0
93.23611881275266,53.91612766752545,19.956417113639564,1
90.64505045650388,31.130769915600364,13.536425977147912,1
99.98588366430653,61.03337833109184,16.56938598898234,0
99.83184185369527,71.61506742231936,5.892387926923863,1
77.77158528013138,27.262400073353376,0.28630555334119956,0
88.44937075902553,41.354910152535155,14.757390371230601,1
97.23828649412141,12.188609333694755,16.682891940013516,0
92.48236953387058,18.11493495346803,14.809522639070384,0
62.36740508715988,68.11178539649828,2.857005746016772,1
72.52720676550467,18.143834769562694,15.06855844513938,0
56.45797075757475,52.516338366706016,15.378455642152819,1
97.70255136293612,70.90462617224327,13.170810313401098,1
80.308731722544,10.687692309474384,15.322318655911724,0
61.43214027517314,56.73122196289035,16.918428793554643,1
83.58503422029284,25.656278370136377,12.272082284749168,0
80.90641202289478,96.29268752375798,1.7720942793935812,1
67.90813590164203,48.35456467199247,9.752556193344217,1
55.67787960998145,80.59925497751581,1.5529866934321013,1
83.57865977963998,55.022654215626176,8.150860620648617,1
76.01538504518966,4.341253285481916,8.142129782512553,0
88.61591958678196,63.31513755940223,1.3201968828048316,1
76.00817505559966,95.14033422066571,6.976410679389586,1
92.609075015927,60.16118201463312,2.2199619758262967,1
77.59534193872427,81.91888594267903,16.164704200184442,1
78.04689857676931,88.42064633484078,18.953760519289414,1
93.83268013291726,22.807977194893247,1.4463295051587721,1
70.17414331061985,21.204483990822666,19.10230414583403,0
56.70076142253204,61.09809888509917,10.451531986734903,1
51.43913381566695,41.10284698067047,5.9913135590774775,0
87.75686278368096,83.98613028667204,1.5372415055232702,1
81.01547756767323,90.00231233980112,10.012485361408356,1
85.20398840496118,35.34213793027181,15.890310889814973,1
60.64820807544554,23.687055897448207,14.141729545333963,0
56.818573779338486,78.05255152438619,1.0045202292794753,1
50.7272332833941,27.48060355481361,1.4580367073580702,0
67.52937794032985,82.26143185136785,8.057465652652741,1
79.49588434273166,42.37382536487628,5.9058098809588655,0
69.61220225498661,66.75498992914704,4.647686461120957,1
71.87374610118646,9.553531383466819,5.620089978174272,0
95.20793472468742,62.3859324676573,16.069654865937693,0
67.41277335116501,45.17676787372291,18.58456107263708,0
75.69947445799053,58.66084631754741,8.102053890551328,1
89.18265063705715,16.801420774486342,18.122220042649943,0
69.8271391160635,73.68737449441821,6.42991402495764,0
81.10433501139367,86.27970775432286,9.528739726875832,0
93.11818543733726,21.673980009077564,4.520579956319994,0
97.47603118288211,9.571455552016172,12.809520843516879,0
57.3536740464519,2.3638586046336396,19.57962230349618,0
96.32938125807472,64.1971500443266,12.069861920867574,1
74.6058146539769,60.70940360887808,7.156281682270977,0
62.91221941494792,54.669741271407005,12.956348919810567,1
72.95678781191307,23.194709611597542,2.4584135693077513,0
99.00162876427385,39.09059959055147,17.773181605307972,0
74.63090469964348,59.4476335186173,10.061679015596727,1
66.43758051437541,49.67668588591694,8.98699484079284,0
81.67004271583629,98.77855202148874,11.717295769070384,1
62.00728093890965,13.643975255673313,12.495677255788049,0
53.7931664054332,69.51445540475937,1.4355161245302606,1
56.44398609553246,40.431876810429216,13.652344424468048,0
56.40229194788862,42.819961492561475,4.838633606310592,1
57.595134675614716,71.75977656581762,14.279052650131796,1
56.94135863247051,69.24361513243696,16.450695887683935,0
82.04373724016074,99.12559937021884,16.079170151050405,1
59.09400421995724,12.839428945412523,11.050019348157782,0
67.28336416619317,10.410964938416633,10.403397846215023,0
94.8394204953006,72.43388171287411,2.8575192267882343,1
73.69808201314362,57.83869170064091,15.506923008062712,0
83.37788692605136,27.416066655980586,5.428187608934287,1
58.61599356008149,7.9419368988986605,9.933908456358932,0
59.61445094043354,8.565824959643054,5.685481858550334,0
52.043430813323944,89.41908746641182,2.676567259993863,1
58.44675315360823,19.18673247187429,12.591153937834731,1
63.92951695159793,32.33715621155208,1.0866406964580766,0
58.85052421383734,22.6656402226988,14.972904682524,1
54.43512668785278,35.49963058319373,6.351735905222333,1
56.03179355503004,6.942384274609337,0.0026938600897064013,0
73.03893840163629,51.90597909082704,10.222582784744596,1
60.31668592028963,6.76125635922149,0.9370381705520625,0
68.21349305240378,80.03565078223616,5.52339115641799,1
75.17086354274284,23.3712081910433,14.139529749114324,0
84.51974143146826,54.00119146045106,1.2537924324373173,0
51.965606992054944,88.00790875614582,16.78676984712005,1
89.97051994545214,65.08773690471942,0.07639845317166216,1
81.39501947454539,53.29577865513353,4.936477384038045,1
54.08795159744359,32.43337531153756,14.818081123041429,0
93.67893120533887,33.300191305819794,6.325402994586136,0
96.04362002659066,66.94869551981901,2.0378477613202706,1
53.05389799274319,99.41393612211675,7.204678376008557,1
63.843882407360184,66.18391898493786,5.407865727690511,0
90.31006398965306,55.77834173700249,16.854238043211097,0
87.41298451918291,73.06505102392461,6.266958351702863,1
59.226050967818864,46.52056122837182,15.778649435520144,0
60.467466166835514,6.0142342600785215,17.837442896214696,0
68.5236051395691,56.22968158779098,8.67634839153059,1
74.22614925955106,95.76252845053801,18.19886287708784,1
80.9127385765148,17.530294235765965,7.546361079263857,0
68.44568197848862,69.00048908206658,19.281568329802163,1
73.1267358066574,20.093368865905646,1.7857904905114586,1
87.37354690668784,53.582768447308126,13.740385330064855,0
51.834160144529896,9.667644964671961,9.876280809138574,0
62.62184721720104,45.037093625818514,7.752976109112941,0
85.66747929422762,75.61633288952461,12.654237574972019,1
94.76034188435997,34.757152423898205,14.077141832686625,1
75.58387210578331,66.4911724487218,0.08726539300618175,1
76.60567426326578,79.54499607897291,3.3390617749439744,1
55.358600566988805,92.71778194794527,14.260921012686374,1
72.37061834117273,23.464208185545353,13.327708271564129,0
76.63086332275115,39.931591580930814,19.320950102573544,0
62.12352518173648,15.241601333041743,15.22075580501566,1
63.46216154746905,99.24835021583752,19.01545415462676,1
68.86420815523113,92.70009679242953,14.05081003069614,1
51.003559888886315,53.99571302805596,5.9610441727888634,1
66.10395827915892,84.20332943764213,2.1072984450171295,0
60.572400349827234,52.09579772720422,15.636477266898712,1
66.37486760889573,62.35856880027597,12.882984429518318,1
55.98810659096256,8.912443211601662,0.9637202478659246,0
94.52636403699475,75.52704204968079,7.201009318019567,1
79.67962267770244,12.771348363523483,19.135996309685723,0
83.95511595722448,82.60676302525283,10.008022914204025,1
89.45856193036691,78.20280876703859,8.654582720394092,1
74.92210994645286,70.87446977429764,9.15399210318588,0
54.34601440437118,3.6160380524762115,4.177654480103275,0
76.85532709092739,30.31283559453286,7.374143417295905,0
79.34205590104395,26.311256991084285,7.396265119743532,0
87.2719737092165,36.01364074715191,1.047100403749448,1
71.58297731148397,8.764274676383854,15.351352570358365,1
56.37901513977819,93.69578230310628,8.33008863807758,1
64.18879528993622,55.38022407123763,16.443597736328467,1
68.15411481993175,30.552431065802356,17.00696002239791,0
82.29586206658007,39.698151707428345,4.239881093973161,0
78.53891523344559,44.72025405048357,13.14706964340257,0
67.80483629489231,60.05943333606173,9.445636083259634,1
99.32576243964898,51.567942769649775,17.6031347584297,1
80.28874096784436,91.93919732144174,4.314813583529082,1
61.86133958679972,49.696348290583025,13.556264006200884,1
55.089123631020186,99.21580148233127,12.155042445054452,1
57.642956959216605,85.14249577450957,5.906029551436656,1
62.29788641922541,20.85105143573358,2.7320180730234522,0
58.03406866297779,93.05952146439162,13.032795209545531,1
59.32835120256529,11.636639788547608,14.771949162646614,1
64.25475843469235,81.74497084911916,6.3125468752669995,1
58.66867976473774,38.06232934765801,12.896652080446277,1
94.83827123132126,87.79743204450695,7.902618152230065,1
54.01168728308211,86.80566901074504,14.264137665652354,1
76.22556947851274,80.59254001176211,3.984305497881062,1
70.51984134948307,79.00304363070614,17.804300052723487,1
99.11893084543033,30.46791390980408,5.748191929311595,1
55.60194510840262,8.091928305125219,7.355719755123058,0
69.89277995228709,40.29801787651615,1.1618390416069957,1
98.47352166376845,17.35245149865087,2.230244246425528,0
93.27535629469901,69.49510889024617,10.317238054246562,1
90.85360354746399,34.609972653778556,5.35185353455943,0
62.895141352246995,97.56102008599149,16.70960451484389,1
58.54437936950329,64.0972077345332,0.29386777309907686,0
83.43216099622154,82.24805636343609,7.581880973438723,1
96.46879945637929,13.252467274184843,6.7469109353818535,0
77.83814465069649,86.20144822726226,0.3865526183520207,1
78.580634473495,92.27571905133944,2.4873679800102044,0
63.998954683014205,48.70619188189359,8.272853498372704,1
88.47464665959684,60.625293775097745,9.857291688948933,1
59.35218742787617,76.48098009029954,8.085794945097382,1
66.18396182021218,17.483862726041256,10.618753568241877,0
71.27182193082083,50.25660764634424,11.90263349811363,0
75.38051893422275,39.86630277723131,0.1984764225567126,0
62.12048662075401,14.63739921622491,9.281903189070078,0
55.74184123696018,36.753442229153144,19.269984817751766,1
80.53100212208163,6.817230938549357,10.380645602590974,1
64.43152766201278,2.5811906949486985,13.550845349179063,0
79.06191107113061,13.516628915482276,6.237277158337664,0
57.718135763710116,96.31151115891738,15.47982756305525,1
74.05700509274087,54.952953589501696,15.458429637522302,1
76.62947162757929,96.582216115322,10.425920953082779,1
52.591176841121346,43.2497878330132,19.52027646558427,0
66.83021390969603,31.181613308525957,2.5110042952530676,0
56.72073384694871,50.61418628402441,0.33895329779161987,0
53.168748523638385,43.95116886329101,15.403164235141919,0
99.49801161949726,10.566468426174392,16.14311074729765,0
66.11769224873615,64.08263146902063,2.404144582411525,0
90.49372229273175,21.60381825095996,5.3116566591721215,0
62.732032738188195,61.95879548978296,0.3510472673325782,1
84.07513611119646,65.02010923981534,5.866172215611294,0
88.01139299448432,15.20248531286481,15.46283747837343,1
79.78193703039221,6.134962711066816,10.359210554251579,0
73.57880942750792,78.07615860684398,6.961911863365762,1
70.59204570736343,45.98004237693202,7.434785898126606,0
67.44341332714977,5.816379550547579,0.027072514309363083,0
96.4764572123913,99.48663171697672,5.9960105513047175,1
91.53097038938645,5.778056099636664,12.92917483275861,0
98.25134553332563,69.50352288585532,19.483888876327143,1
56.21486117427724,98.36789252634136,16.94121653967799,1
86.54337376018222,23.918010421592562,0.4718992929105825,0
96.91702284105189,14.224936868719617,17.97121209349679,0
59.061653308283006,12.138493942242889,15.66396826597252,0
53.32481336833887,30.327514756759555,15.607522471419609,0
87.05603246450295,10.10458110106467,9.15991518007143,0
78.7236556589956,69.2161341694132,7.960105859090056,1
92.0914388379136,6.229179813006269,6.058314576663852,0
56.988618831314476,50.94221281497897,1.3138971790873155,1
89.76336559299452,99.66968538529768,4.564707269873982,1
60.08136600238723,81.39702695060188,4.932072699560493,1
58.18279714328523,61.52194382310109,9.681541394204032,1
58.21328989654965,30.625362078661166,14.948888131933879,1
90.72873601156911,62.389583629163845,9.476196567958933,0
83.25986103481,52.70414639116516,1.1568889889432121,1
76.15327123845597,42.60833838903715,19.15579601976408,0
67.94152420617513,13.071037674019948,18.854486381882246,0
93.86002704065541,88.66042152404667,15.703790862968168,1
69.62225537113177,44.97846488213225,19.82655803128441,0
90.82997197357886,19.462251182076507,10.889646656005258,0
71.95674542851091,36.77593508772896,19.255367005064123,0
68.84722147124538,41.4129752528927,1.5121008123350155,0
73.13398928348032,82.75378955668742,7.313614965227426,0
65.0688937082071,73.3614380561402,4.507625360135316,0
87.38046900881255,76.93048936413398,3.9166616826854006,1
75.13601950462396,1.1031264428647214,2.8160589778535217,0
61.61063475734086,41.615399817976154,12.448272831319933,1
94.97872866372842,48.13441516353236,15.626437114946102,1
69.19456106866056,1.9192276823056686,11.565967988407213,0
77.17764305569943,25.98132087450342,2.9392541917641934,0
95.32360554822735,76.0289823122135,16.222475398669417,1
81.21189979569961,13.710970572899905,12.71909414327457,0
55.8449020354182,53.531013145259166,7.76331412253991,0
96.99160618067376,21.52018720172375,13.48260591072126,0
81.38540265357089,1.2120774643893273,5.1980995848566565,0
66.7452807328543,24.12014575995415,6.90384416988421,0
56.96360363316936,97.58737549100537,18.349716862639806,1
89.7012594635148,80.15371118829896,5.810090113428408,1
81.00363779642568,95.95766443210334,9.399765363158732,1
76.67305459881608,48.785404392636245,17.802822747920292,1
94.69462915254789,10.973619867750351,14.154427005350549,0
89.42986056122655,54.79594889736929,1.244064523294055,0
57.58374398663756,45.43773345599609,2.946060885579407,1
65.5861033897774,84.4357082739616,0.15683181543833635,1
62.424456990723286,9.808258078424458,12.618435804583267,0
87.19731462863385,48.82411370217782,8.953468508208367,1
51.67662173678897,15.004866469398426,2.6854970180455107,0
78.49448424356582,32.467592689006,19.15868242113541,1
88.12293428703452,73.73570773877996,10.593194478912398,1
93.83828183808748,47.601812936876655,4.837865882257784,1
67.10408743579538,37.58882851457693,10.01207142309415,1
91.06286523360063,39.44762785700353,13.592406654702156,1
55.53158684776036,45.94467684059866,1.5247843594712895,0
92.3226145867259,78.50165438370568,5.49407630095784,0
56.37443311659912,89.20846889402344,16.139309817679873,1
69.86436452801837,95.53346865039283,9.193297408053224,1
89.86476828897767,78.6903386255295,10.931542840645898,1
57.49587136743869,31.540689574801274,8.656320044189385,0
61.462569761632075,68.81347060865421,0.8779988528601024,0
86.1126284196533,43.760312405539196,3.3149955964031186,0
86.00182682730372,25.467062204605117,8.910832774837818,0
82.05738164426486,84.08715794259226,4.183709308158557,0
84.697422223355,3.8426348962324997,0.9995805731935747,0
77.13622216737981,90.17619921354235,16.872993281036475,1
62.58995294534763,46.147746462473414,19.623850583282316,1
67.28479967519597,63.72014768082804,15.862857479934789,0
59.079885840071285,65.93539222057827,17.07569843409334,0
95.42252806668142,89.51177407065364,4.839542606340908,1
79.16958973830603,63.66696821672073,19.212539510263994,1
70.042570838182,61.39335847600618,3.9385140890685677,1
73.10029018220663,6.665204056068996,19.028596207236646,0
97.36416698059077,51.84080219452041,19.89638587931902,0
57.66757015580401,15.016900081704165,14.234456114920974,0
79.31149160083986,73.74337687214856,19.62287463583644,1
75.2944339442233,51.22219208126745,11.390795591342073,0
80.57271177173239,68.02277792083532,5.190835663521806,0
50.90550919104203,4.167290060238427,8.739917713312417,1
93.60619544720757,8.479201604580322,11.87121870757572,0
96.60591412418063,71.63233880626822,1.4616312405402998,1
78.25665917946044,7.208433599867337,12.446865292344922,0
84.8325411938446,7.12567277652586,19.62355673524589,0
96.12496905886479,1.210847523488745,3.8021529956745526,0
85.36193171566993,95.65013982994802,15.851902325767666,1
57.62695214571307,73.75083594590069,18.15797587559239,0
78.81441800834065,35.32514085020642,18.874031856404414,0
80.3357523191428,29.65355812876552,19.202712088108946,0
71.2065335651193,34.97032297458495,10.429192774429438,1
86.82221178123615,77.46535311811819,19.546158159830075,0
96.71835073845074,66.13706110704143,15.146204142688777,1
96.27842564533881,18.519556786746794,3.233428724739238,0
72.5419685702066,17.410933533408436,9.5380021293594,1
55.661902292037766,9.839564971339732,14.36662350744008,1
99.24205994811672,66.03027197013381,4.946806316381666,0
91.94490432229671,76.43726622217359,12.812303670977748,1
56.233134060163344,26.5046428325004,13.332009580932384,1
96.04209413086862,2.094496103091281,3.2539948761713178,0
93.49481810310641,8.217166747642734,11.301706249055126,0
75.94190285630361,96.78600348450304,15.432538219572153,1
79.56377178724647,29.544477747742025,9.977913290718838,0
69.95013519350651,76.92231478381336,0.2420623355221485,0
52.73808194110157,62.46635688542638,0.18076938158584355,0
66.75986208229504,38.19396396528959,7.140586879400244,0
90.14267242990057,20.56872621955551,18.52388136863564,0
50.23160115023014,12.138641815940643,4.573535592072176,0
66.6749585845572,61.50129680388666,12.687273777433743,0
69.90843467954717,77.4633780637788,4.4415174138664115,1
76.86978014689615,64.39042535411306,6.433399793190972,1
95.99278082063802,53.030213324915835,16.96084179202968,1
67.31729971829806,4.195122343163627,14.577228845398938,0
67.34766009481139,96.84887775943838,1.9079855462642126,1
86.87506240548743,79.87141916545745,8.574040419728671,0
72.61089704449036,29.282203670096475,0.5833952729052894,1
61.2302411469991,97.99703293588506,9.61780293206018,1
72.62197580663467,60.18815896363221,13.24868023402136,0
57.04285101898999,58.24226582072465,2.370052471963031,0
58.819349325311165,74.8073179429532,5.777698778183313,1
74.91838863697399,81.17697880901376,7.956732510043139,1
70.9462724752274,65.64786073315027,18.390620493120995,1
95.742295053405,12.809574636620003,19.86510030845928,0
68.11969495583165,33.82675059944984,0.8982259799123171,1
79.02941751390217,92.80836403260497,15.22015846990784,0
81.61321439597651,22.461561184385193,7.434481328046864,0
50.654722829416684,37.21670238375133,7.849163724589601,0
83.17686860083553,43.2076882944196,15.085299466940453,1
58.90179834348757,43.940498969445215,18.368528642908174,0
98.05351587347275,61.29395824945255,19.018571890050968,1
57.43313638765565,94.30758377447076,11.542451720766415,1
70.73120618635119,24.069271183250496,7.142423186010056,0
54.26748340393219,12.150137630091805,15.750981717175584,0
99.84371259229736,19.747048985993732,5.020027665246005,0
75.10975051656213,88.69249002092695,11.281480576670354,1
79.76925086600218,64.5810812655206,7.171569230497463,1
53.353823869421376,28.590678923916013,13.132621474157522,0
87.49802351995889,81.59469389686173,4.807978257870138,1
60.49527965477929,86.1369996363436,3.8318589146965154,1
94.90271447203568,84.6514338690278,18.364781733508742,0
60.25698202410036,91.89265336395545,2.036073658990738,1
59.534386033183324,25.224102017336158,10.119158154698633,1
51.827483392404744,75.50419287462783,4.417055659260178,1
73.60334725549995,46.053949727414,0.778599266513349,0
78.24205666313082,84.19985528900615,0.7203763658285278,1
53.285431971417616,72.84906771616131,3.504435442116547,0
88.77638083475053,77.64474464997247,17.335407090120004,0
72.66444173740138,65.61618376810715,5.649574879540533,1
76.219513466379,17.742876946970686,19.009183411505916,0
72.03813734691141,54.502691889693835,11.632445859783871,1
70.0381530437663,98.46697395245081,8.732283795375322,1
77.9820165654109,93.73880664971189,11.601776693389091,1
57.76201229653562,4.317373579701167,10.333967704525355,0
59.09640652476355,16.481481572943714,15.175525075146503,0
93.08928105067587,13.172877345456191,5.649921319457045,0
97.30577310668164,72.59799099852955,7.061007832006048,1
68.66546581398765,81.77853298569451,17.881886050665013,1
63.53723365717769,21.35113663106719,18.92913026300811,1
82.19997716195078,50.5852692951829,17.85116454972949,1
70.43670855490481,84.07030280112,8.388959879146272,1
51.26931778301724,73.28015447662506,15.607310060137634,1
57.80762986830952,54.223720549184826,9.526714666021975,1
85.79861144236988,59.03476904587729,9.950797042922044,1
82.94619709550757,50.83605469162799,4.093602181145679,0
51.354799625174174,29.754845131882057,11.82260606517033,0
61.098608096647474,56.50219928590161,3.7227179550669587,1
61.55373982940357,68.88853020500906,6.631293981343875,1
83.59463717993643,87.33229158608077,17.100604032398703,1
50.98552688771821,63.629135397924806,4.141516184217105,0
55.205429099228695,76.1121537043158,1.4231657034686562,1
89.99580426865947,16.0071634954573,1.380151852256326,0
58.927233102716684,46.15574744197899,18.815690410062157,0
82.63730539259373,0.9331619827093296,10.138408759236693,0
61.90913905233633,24.667886452162303,8.188241436340366,0
54.97206963796726,72.64617151130048,16.217571620158367,1
62.1586095499727,99.18099513493634,16.71651855821032,1
86.11334659278296,9.917809958721591,6.643820662312092,0
92.78482340531428,40.14943158612883,13.872361149475905,0
91.51099322834958,80.00709686991596,15.422456317037732,1
69.85917648092274,20.403563462889885,13.09301373731909,0
83.40425682853231,55.50849493022862,3.0319014960019874,0
60.24921477079105,73.30712960296748,17.51766167034114,0
64.65738651305067,61.5985450260179,10.781891054720173,1
94.81679092605599,18.802473461541613,5.649448527400073,0
50.6500961755368,35.538456868573945,8.504563708753878,0
54.2754265427234,78.37917844853972,0.7514218079781476,0
60.394312757301364,55.42265141320166,2.557336024448351,1
51.32661019369099,0.5229613542912737,15.310935010317216,0
59.071771754489866,76.09907600280938,0.00023269510732282228,0
79.15207804848461,3.531135494023907,8.331316569645843,0
71.0712275296249,74.57337827312321,10.450203621711768,0
94.63358555384875,20.24805601652374,1.092688400019446,0
90.87217808692205,95.80734801193802,19.461563259446656,1
67.0908675848938,36.79407513020845,4.522506624993438,1
62.971171671564626,32.69316163380791,6.083974392725617,0
68.98462040836334,14.888805033244468,6.078850245100547,0
79.51474712574039,30.560421549021488,4.608333242346998,1
63.403182041143815,87.66507618282006,0.02947644172622832,1
81.2074453924567,99.63343376272474,14.586895881759927,1
70.47058260956203,36.83095305068483,19.336909995985707,0
77.602359042599,44.861063095454256,4.485869665700902,0
71.80632645676583,72.2070938202737,13.26094383606845,1
64.72328797709588,88.61957804650746,14.837926539174301,1
97.42266534810784,59.304433418678414,16.968507581810496,1
88.18028970798804,39.15256981778293,8.452583940272183,0
57.00565878832263,41.262184084862376,6.058618112808585,0
93.42339879489563,69.56181464968068,6.505902680460622,0
74.37155991247567,0.32182636042786816,14.252426661970256,0
94.72761134470457,61.95893374598407,16.33558933011272,0
89.99276279736577,35.54930104413574,3.632279355132053,1
71.26067522346167,79.41973312770843,7.418820163155305,0
51.12346541600587,9.299063982313216,18.038803934983,1
63.4338679692473,58.82022669483905,16.133870393894785,0
77.08171073304334,48.09728898861238,19.697168055249517,0
81.67391099130737,64.23255259052274,15.084965193641615,0
62.894384271660115,6.485359448296835,7.863904020558445,0
56.96780370364121,57.99837874281313,11.812756679892756,0
91.74651183996495,56.14845879595237,13.220285084946406,1
99.22010903517761,56.06600944161709,1.569116326342479,0
76.28450911513428,60.34876665964548,10.889939182077303,1
58.583964292415175,67.64679372263622,14.186416569452192,1
63.61536632596845,80.49889996807697,3.3464260800212076,1
50.919533827373336,26.982072012821433,15.612634348511143,0
95.71494032802495,82.5049410180062,11.675455610282233,1
55.88755414450706,49.82556822634536,19.04443571395189,1
78.82582377571268,7.705827913433117,0.8484459641378339,0
63.7027610343603,5.85509292439792,5.306522751109339,0
77.70890012578967,33.42383186960608,12.031077585996481,0
82.57101941759322,78.48969771114676,5.9311982441186135,1
91.48709018536007,70.76809347409157,14.288483281424844,1
60.32106358803016,78.86149646724064,15.18010565043862,1
50.549791432924025,51.72690564416094,2.050319281329489,1
56.844281503440364,44.01989979554906,10.277089284135354,0
95.00093209240526,14.745252670628394,10.177811111821118,0
93.69450387812577,32.81927536093116,7.385615404310821,1
79.87065510851542,43.40193661738753,18.65849725139344,1
80.02584302168268,8.860042967961723,16.550126397464425,1
83.25183372731277,22.061195271121125,13.944187638192735,0
58.76856393117248,59.82252940637388,14.286532714699952,0
95.72059729624799,73.56631142391899,9.234322876262382,1
70.93852624460365,99.83475113929497,18.419890421931516,1
69.15692641247487,93.31133313435576,13.891908545065707,1
75.94588526414188,64.25651995351916,14.57962123311633,0
52.348298338752755,42.1248053294072,17.233818075746903,1
58.31416843780397,63.617736470823274,5.48143178684382,1
86.90168082131852,78.56516180802319,16.14141807733406,1
54.139933396256325,11.833619092338733,3.9048120591298408,0
80.1576054733194,40.99048896962883,6.906839044897756,1
62.26745548406605,83.98022856356172,6.712209085396854,1
69.46478070209884,38.3832951933044,19.57050936778281,0
64.43468683853499,57.18722712271865,17.130744474958536,1
67.78363582324747,58.77693608621982,14.023397231805195,0
85.95229525921228,18.447625313363936,14.541135232307802,0
64.85608578115875,36.22354416522884,11.241455888051421,1
78.32023201484486,33.451128874193216,18.94181334217038,0
73.80252010995498,2.6196708532064794,9.92517505764723,0
83.1835582681324,2.4191763891355245,7.610354197397891,0
96.84148696623791,83.16970436757735,3.26070673863182,1
86.62860486051252,27.30708099728124,15.72411304522116,0
60.74701892953784,51.80787662388154,14.68887864151183,0
51.55915675306424,29.872557358877305,7.687100770482697,1
63.113202214991254,94.06792451153404,0.5038682791845872,1
79.75389653501274,25.929675886577375,16.779946554360215,0
52.57129067421252,42.96568127389351,0.22835966908147265,0
74.81831236006181,87.27302504846018,14.073995592581019,1
79.84214244584446,84.19335667918087,19.40514219452114,1
66.71219454084805,18.610141784627732,8.75322656296407,0
88.54561018729109,80.26433097957104,4.699468099919056,0
55.32991265668859,45.81868867378927,14.097420200867635,1
53.75688908679044,48.29688720853552,16.342562840311704,1
86.40943781018017,13.347997241594378,10.928606321556947,0
74.77456581030992,8.060151375712465,19.340705505122923,0
84.4201198213868,72.79393069737652,1.033374433159222,1
71.74136693018731,49.646115235529976,10.095911966090563,1
62.32010166195534,43.68507026151796,14.369078946451001,1
90.95511588371,72.95082286523967,17.252809422983578,0
89.97079394844897,76.55128989911097,3.585112238155801,1
84.73482354272133,15.890816766935355,16.00006963527363,0
63.607256861498136,61.02251494776413,11.054141514370905,0
79.51153334345435,13.535408227768553,7.931073639799264,1
68.04869484700134,75.13750860290457,2.6343005715818713,1
54.579103666331704,65.69551562671396,17.30591517817825,1
95.86567877311214,95.6614621083458,3.145464163594307,1
56.84093154594807,6.895801635642118,6.195757184181985,0
97.51186769104012,5.705472115125431,5.8009106392487375,0
72.30028864789779,28.218707469320016,17.428280683817086,1
